{"cameraMode":{"drawMode":0,"name":"Shaded","section":"Shading Mode"},"sceneLighting":true,"audioPlay":false,"sceneViewState":{"showFog":true,"showMaterialUpdate":false,"showSkybox":true,"showFlares":true,"showImageEffects":true,"showParticleSystems":true},"in2DMode":false,"pivot":{"x":12.086648941040039,"y":-0.8946170806884766,"z":16.04982566833496},"rotation":{"x":-0.0644506961107254,"y":0.39471742510795596,"z":-0.02776876464486122,"w":-0.9161185622215271},"size":15.56389045715332,"orthographic":false}