{"cameraMode":{"drawMode":0,"name":"Shaded","section":"Shading Mode"},"sceneLighting":true,"audioPlay":false,"sceneViewState":{"showFog":true,"showMaterialUpdate":false,"showSkybox":true,"showFlares":true,"showImageEffects":true,"showParticleSystems":true},"in2DMode":false,"pivot":{"x":65.86105346679688,"y":487.41314697265627,"z":-370.9848327636719},"rotation":{"x":-0.16735102236270905,"y":-0.1702931523323059,"z":0.02936132438480854,"w":-0.9706347584724426},"size":443.64923095703127,"orthographic":false}