{"cameraMode":{"drawMode":0,"name":"Shaded","section":"Shading Mode"},"sceneLighting":false,"audioPlay":false,"sceneViewState":{"showFog":true,"showMaterialUpdate":false,"showSkybox":true,"showFlares":true,"showImageEffects":true,"showParticleSystems":true},"in2DMode":false,"pivot":{"x":17.321996688842775,"y":1.0485892295837403,"z":15.126047134399414},"rotation":{"x":0.02522657997906208,"y":0.7178041934967041,"z":0.026043329387903215,"w":-0.6953003406524658},"size":2.319223403930664,"orthographic":false}