{"cameraMode":{"drawMode":0,"name":"Shaded","section":"Shading Mode"},"sceneLighting":false,"audioPlay":false,"sceneViewState":{"showFog":true,"showMaterialUpdate":false,"showSkybox":true,"showFlares":true,"showImageEffects":true,"showParticleSystems":true},"in2DMode":false,"pivot":{"x":-0.309999942779541,"y":101.0,"z":94.62000274658203},"rotation":{"x":-0.10611812025308609,"y":-0.8072221279144287,"z":0.15293121337890626,"w":-0.5601280331611633},"size":2.857898712158203,"orthographic":false}