{"cameraMode":{"drawMode":0,"name":"Shaded","section":"Shading Mode"},"sceneLighting":true,"audioPlay":false,"sceneViewState":{"showFog":true,"showMaterialUpdate":false,"showSkybox":true,"showFlares":true,"showImageEffects":true,"showParticleSystems":true},"in2DMode":false,"pivot":{"x":-66.16036987304688,"y":-233.61122131347657,"z":-234.6351318359375},"rotation":{"x":-0.17378270626068116,"y":-0.8079590201377869,"z":0.29148608446121218,"w":-0.48170289397239687},"size":584.8163452148438,"orthographic":false}