{"cameraMode":{"drawMode":0,"name":"Shaded","section":"Shading Mode"},"sceneLighting":false,"audioPlay":false,"sceneViewState":{"showFog":true,"showMaterialUpdate":false,"showSkybox":true,"showFlares":true,"showImageEffects":true,"showParticleSystems":true},"in2DMode":false,"pivot":{"x":9.810979843139649,"y":5.51690149307251,"z":5.474472999572754},"rotation":{"x":-0.19162805378437043,"y":0.06357015669345856,"z":-0.012438720092177391,"w":-0.9793277382850647},"size":12.433295249938965,"orthographic":false}