{"cameraMode":{"drawMode":0,"name":"Shaded","section":"Shading Mode"},"sceneLighting":true,"audioPlay":false,"sceneViewState":{"showFog":true,"showMaterialUpdate":false,"showSkybox":true,"showFlares":true,"showImageEffects":true,"showParticleSystems":true},"in2DMode":false,"pivot":{"x":114.622314453125,"y":126.72210693359375,"z":33.9810791015625},"rotation":{"x":-0.07023990154266358,"y":-0.9207438826560974,"z":0.19599519670009614,"w":-0.3299742043018341},"size":558.4996337890625,"orthographic":false}